{"cameraMode":{"drawMode":0,"name":"Shaded","section":"Shading Mode"},"sceneLighting":true,"audioPlay":false,"sceneViewState":{"showFog":true,"showMaterialUpdate":false,"showSkybox":true,"showFlares":true,"showImageEffects":true,"showParticleSystems":true},"in2DMode":false,"pivot":{"x":-11.21751880645752,"y":-14.033415794372559,"z":14.124570846557618},"rotation":{"x":-0.2929251194000244,"y":0.2737119197845459,"z":-0.08792120963335037,"w":-0.911911129951477},"size":51.6053466796875,"orthographic":false}